MultiColor Jacket, mens jacket,https://shoptara.co.uk/wp-content/uploads/2024/04/Patagonia-Vintage-Outfit.jpeg, Medium, Patagonia,$120
Premium Black Fur, mens jacket,https://shoptara.co.uk/wp-content/uploads/2024/04/Billionaire-Boys-Club-Recruits-Japans-is-ness-for-Reversible-Fleece.jpeg, Medium, Patagonia,$230
White Stripe fur, mens jacket,https://shoptara.co.uk/wp-content/uploads/2024/04/Mens-Two-Tone-Patchwork-Letter-Embroidery-Plush-Zipper-Jacket-Grey-_-L.jpeg, Large, Patagonia,$150
Beige fur, mens jacket,https://shoptara.co.uk/wp-content/uploads/2024/04/Patagonia-Mens-Retro-Pile-Jacket.jpeg, Large, Patagonia,$250
Black Leather, womens jacket,https://shoptara.co.uk/wp-content/uploads/2024/04/leatherWmns.jpeg, Large, Reformation,$250
White Oversized, womens jacket,https://shoptara.co.uk/wp-content/uploads/2024/04/whiteOversized-scaled.webp, Medium, Reformation,$250
Brown Fur, womens jacket,https://shoptara.co.uk/wp-content/uploads/2024/04/patagoniawmns-scaled.webp, Small, Patagonia,$150
,,,,,
Black Nudie Jeans, womens jeans,https://shoptara.co.uk/wp-content/uploads/2024/04/7691_16507a3399-114247-08-breezy-britt-everblack-flatshot-800.webp, Small, Nudie Jeans,$95
Washed Nudie Jeans, womens jeans,https://shoptara.co.uk/wp-content/uploads/2024/04/5422_b4ed1307ad-clean-eileen-shimmering-black-113412-14-2400.jpeg, Medium, Nudie Jeans,$120
Dark Blue Nudie Jeans, womens jeans,https://shoptara.co.uk/wp-content/uploads/2024/04/8519_3e59bef921-114743_clean_eileen_classic_blue_02_look-800.webp, Medium, Nudie Jeans,$125
Light Wash Nudie Jeans, womens jeans,https://shoptara.co.uk/wp-content/uploads/2024/04/8168_081eae1aa4-114548_lofty_lo_summer_clouds_07__flatshot-800.jpg, Large, Nudie Jeans,$85
,,,,,
Blue Rain Coat, womens jacket,https://shoptara.co.uk/wp-content/uploads/2024/04/2510054_Cloudburst_Rain_Jacket_MRN_1513_1440x.webp, Large, Outerknown,$95
Denim Overshirt, womens jacket,https://shoptara.co.uk/wp-content/uploads/2024/04/2530009_The_Canyon_Shacket_WNK_68964_1440x.webp, Medium, Outerknown,$75
Woven Overshirt, womens jacket,https://shoptara.co.uk/wp-content/uploads/2024/04/2510061_Cloud_Weave_Shirt_Jacket_FSI_3050_1440x.webp, Medium, Outerknown,$70
,,,,,
Wash Grey Jeans,Mens jeans,https://shoptara.co.uk/wp-content/uploads/2024/04/washGreyLeviJeans.jpeg, Medium,Levi,$95
Purple Hoodie,Mens hoodies,https://shoptara.co.uk/wp-content/uploads/2024/04/purpleAdidasHoodie.jpeg,Medium,Adidas,$69
Plain Blue,Mens joggers,https://shoptara.co.uk/wp-content/uploads/2024/04/plainBlueJoggerOutddor.jpeg,Medium,Outdoor Voices,$70
Light grey ,Mens trousers,https://shoptara.co.uk/wp-content/uploads/2024/04/lightGreyTrousers.jpeg,Small,Batch LDN,$100
Plain black joggers,Mens joggers,https://shoptara.co.uk/wp-content/uploads/2024/04/plainBlackOutdoor.jpeg,Large,Outdoor Voices,$75
Dark Grey trousers,Mens trousers,https://shoptara.co.uk/wp-content/uploads/2024/04/greyTrousers.jpeg,Large,Batch LDN,$85
Darker blue levi,Mens jeans,https://shoptara.co.uk/wp-content/uploads/2024/04/darkerBlueJeanLevi.jpeg,Large,Levi,$120
Dark blue Levi,Mens jeans,https://shoptara.co.uk/wp-content/uploads/2024/04/darkerBlueLevijeans.jpeg,Medium,Levi,$120
adiColor hoodie,Mens hoodies,https://shoptara.co.uk/wp-content/uploads/2024/04/adiColorHoodieAdidas.jpeg,Small,Adidas,$75
Komodo white shirt,Mens shirts,https://shoptara.co.uk/wp-content/uploads/2024/04/komodoWhiteShirt.jpeg,Small,Komodo,$69
Komodo green shirt,Mens shirts,https://shoptara.co.uk/wp-content/uploads/2024/04/komodoGreenShirt.jpeg,Small,Komodo,$75
Komodo black shirt,Mens shirts,https://shoptara.co.uk/wp-content/uploads/2024/04/komodoBlckShirt.jpeg,Small,Komodo,$75
Green joggers,Mens joggers,https://shoptara.co.uk/wp-content/uploads/2024/04/darkGreenJoggersOutdoor.jpeg,Medium,Outdoor Voices,$95
Green trousers,Mens trousers,https://shoptara.co.uk/wp-content/uploads/2024/04/darkGreenTrousers.jpeg,Medium,Batch LDN,$85
Dark Blue trousers,Mens trousers,https://shoptara.co.uk/wp-content/uploads/2024/04/darkBlueTrousers.jpeg,Medium,Batch LDN,$95
Black utility trousers,Mens trousers,https://shoptara.co.uk/wp-content/uploads/2024/04/blackUtilityJoggersOutdoor.jpeg,Large,Uniqlo,$120
Burgundy trousers,Mens trousers,https://shoptara.co.uk/wp-content/uploads/2024/04/burgandyTrousers.jpeg,Large,Batch LDN,$100
Black joggers,Mens joggers,https://shoptara.co.uk/wp-content/uploads/2024/04/blackJoggersOutdoor.jpeg,Large,Outdoor Voices,$120
Black jeans Levi,Mens jeans,https://shoptara.co.uk/wp-content/uploads/2024/04/blackLeviJeans.jpeg,Small,Levi,$150
Adidas White hoodie,Mens hoodies,https://shoptara.co.uk/wp-content/uploads/2024/04/adidasWhiteHoodie.jpeg,Small,Adidas,$95
Adidas Green hoodie,Mens hoodies,https://shoptara.co.uk/wp-content/uploads/2024/04/adidasGreenHoodie.jpeg,Medium,Adidas,$70
,,,,,
Mock Neck White,Womens tops,https://shoptara.co.uk/wp-content/uploads/2024/04/mockWhiteOmnes.jpeg,Small,Omnes,$70
Beige trousers,Womens trosuers,https://shoptara.co.uk/wp-content/uploads/2024/04/beigeNomadTrousers.jpeg,Small,Nomad,$50
Striped Top,Womens tops,https://shoptara.co.uk/wp-content/uploads/2024/04/StripedTopOmnes.jpeg,Medium,Omnes,$75
Black trousers,Womens trosuers,https://shoptara.co.uk/wp-content/uploads/2024/04/saintAndSofiaBlackTrosuers-2.jpeg,Medium,Saint & Sofia,$100
Plain White Jumper,Womens jumpers,https://shoptara.co.uk/wp-content/uploads/2024/04/plainWhiteBaukjen.jpeg,Large,Baukjen,$100
Beige jumper,Womens jumpers,https://shoptara.co.uk/wp-content/uploads/2024/04/plainBaukjen.jpeg,Medium,Baukjen,$100
Mock Neck Top,Womens tops,https://shoptara.co.uk/wp-content/uploads/2024/04/mockTopOmnes.jpeg,Small,Omnes,$250
3 stripe leggings,Womens leggings,https://shoptara.co.uk/wp-content/uploads/2024/04/3stripeLeggings.jpeg,Large,Adidas,$70
Xperias leggings,Womens leggings,https://shoptara.co.uk/wp-content/uploads/2024/04/xperiorLeggings.jpeg,Large,Adidas,$70
Soft Red Top,Womens tops,https://shoptara.co.uk/wp-content/uploads/2024/04/warmTopomnes.jpeg,Small,Omnes,$100
True Pace Leggings,Womens leggings,https://shoptara.co.uk/wp-content/uploads/2024/04/truepaceLeggings.jpeg,Large,Adidas,$100
Terrex Leggings,Womens leggings,https://shoptara.co.uk/wp-content/uploads/2024/04/terrexLeggings.jpeg,Large,Adidas,$70
Green Nomad,Womens trosuers,https://shoptara.co.uk/wp-content/uploads/2024/04/greenNomadTrousers.jpeg,Large,Nomad,$69
Blue Nomad,Womens trosuers,https://shoptara.co.uk/wp-content/uploads/2024/04/blueNomantrosuers.jpeg,Large,Nomad,$85
Blue Jumper,Womens jumpers,https://shoptara.co.uk/wp-content/uploads/2024/04/blueBaukjen.jpeg,Medium,Baukjen,$100
Black Jumper,Womens jumpers,https://shoptara.co.uk/wp-content/uploads/2024/04/blackJumperThought.jpeg,Medium,Thought,$100
